energy,dance,liveness,valence,tempo,instrumental,acoustic,popularity
0.642333333,0.726,0.1062,0.52,98.85266667,0.0000235,0.293533333,82.66666667
0.568666667,0.597,0.114,0.131766667,121.6806667,0.002693,0.137866667,66
0.697666667,0.660333333,0.135033333,0.542333333,140.6766667,3.46E-05,0.061166667,70
0.698333333,0.718,0.109866667,0.605333333,113.6566667,0.000014,0.161866667,53
0.671333333,0.452,0.174533333,0.267666667,131.011,0.309566667,0.400026667,27
0.740666667,0.511666667,0.1145,0.408,149.958,0.00003223,0.090369667,44.33333333
0.400666667,0.613,0.265,0.425666667,103.7043333,0,0.804666667,71.33333333
0.545,0.734333333,0.1766,0.365,111.3616667,0.037035,0.219596667,57
0.784666667,0.501333333,0.155833333,0.238,131.535,0.2556797,0.062268977,45.66666667
0.732,0.651333333,0.261333333,0.294,110.0656667,0.000822907,0.03694,78
0.698333333,0.747333333,0.166266667,0.646333333,125.3746667,0.013,0.03898,49.66666667
0.545666667,0.608666667,0.370333333,0.406666667,97.81133333,0.00000069,0.368766667,82
0.601,0.491,0.269666667,0.3833,104.3816667,0.5651,0.376433333,38.66666667
0.678666667,0.534666667,0.233,0.247666667,107.0873333,0.002470487,0.01181,70.33333333
0.519333333,0.824,0.108666667,0.556333333,113.163,0.0080707,0.224,67.66666667
0.66,0.553333333,0.110233333,0.398,141.5293333,0.000161567,0.0404,74.66666667
0.923,0.417333333,0.1006,0.301,152.742,0.00044264,0.002145667,55.66666667
0.692666667,0.629666667,0.120833333,0.373,101.2046667,6.73E-07,0.214,59.33333333
0.739,0.735,0.230333333,0.494333333,101.293,0.00082,0.032673333,89.33333333
0.67,0.803,0.109733333,0.460666667,112.7033333,0,0.099266667,75.66666667
0.606,0.503333333,0.144,0.530666667,147.6043333,0,0.364333333,60.66666667
0.540333333,0.617333333,0.159333333,0.618666667,142.2626667,1.60E-05,0.283633333,51.66666667
0.811666667,0.843333333,0.2471,0.744,110.852,9.44E-06,0.102466667,59
0.662333333,0.626666667,0.135666667,0.371333333,149.9703333,0.071670747,0.178633333,67.66666667
0.667333333,0.498666667,0.375,0.543333333,83.424,0.000983333,0.331133333,58
0.967666667,0.383333333,0.368666667,0.543666667,160.303,0.299733853,0.005795333,63.33333333
0.848,0.617,0.072066667,0.444666667,118.0196667,0.0194,0.01518,69
0.525,0.624,0.118833333,0.319333333,139.6536667,6.56E-06,0.133,75.33333333
0.63,0.510666667,0.202666667,0.468333333,121.9393333,3.37E-05,0.390793333,68.66666667
0.310666667,0.468333333,0.109833333,0.208666667,121.123,0.302364,0.588666667,41.66666667
0.668333333,0.647333333,0.136866667,0.360333333,113.3453333,0.1386948,0.144196667,86.33333333
0.567666667,0.699666667,0.118866667,0.477333333,122.329,0.082666667,0.1594,86
0.633666667,0.682666667,0.182333333,0.457,97.88766667,0,0.173833333,86.66666667
0.659333333,0.696333333,0.180333333,0.514333333,102.6793333,1.37E-05,0.303,65
0.672,0.711666667,0.120033333,0.479666667,147.3313333,4.09E-06,0.10012,81.66666667
0.741,0.658,0.157233333,0.604,107.3293333,1.65E-05,0.196566667,63.33333333
0.614666667,0.586,0.141333333,0.308666667,163.0533333,0.000107337,0.292,65.66666667
0.589333333,0.565666667,0.092933333,0.666333333,101.2063333,1.25E-05,0.262066667,38.33333333
0.796666667,0.607333333,0.192,0.564333333,102.7846667,0.000212233,0.039033333,58.66666667
0.733666667,0.628666667,0.164333333,0.389,139.7016667,0.00000223,0.15905,74.33333333
0.428666667,0.635333333,0.124566667,0.181666667,106.9383333,8.37E-05,0.071133333,64.33333333
0.837666667,0.485666667,0.157733333,0.391133333,149.6896667,0.295106333,0.101100707,61.33333333
0.543333333,0.706666667,0.221333333,0.550333333,122.9463333,0.000153333,0.23,52
0.470666667,0.478,0.195333333,0.462,120.997,0.00035428,0.606333333,60.33333333
0.774333333,0.662333333,0.268333333,0.678666667,123.3706667,0,0.272433333,71.33333333
0.653666667,0.684333333,0.066333333,0.557666667,148.359,0.079491827,0.069366667,71.33333333
0.711333333,0.603333333,0.312,0.552333333,118.2313333,0,0.121966667,74.33333333
0.581,0.735666667,0.1142,0.514666667,127.035,0.00000183,0.313,92.66666667
0.958333333,0.531666667,0.304,0.407666667,123.6996667,0.00014232,0.000366667,47
0.577333333,0.754333333,0.1125,0.659,139.958,0,0.322333333,74.33333333
0.683,0.668,0.144533333,0.583333333,111.8953333,0.000131433,0.226266667,58.33333333
0.791,0.661,0.244366667,0.810333333,167.012,6.13E-07,0.366,64.33333333
0.696333333,0.647666667,0.196,0.479666667,134.8173333,0,0.104296667,56.66666667
0.593333333,0.622666667,0.145333333,0.274666667,105.7413333,0.000906667,0.081433333,85
0.464333333,0.711333333,0.110433333,0.515,117.9706667,0,0.385,79.33333333
0.639,0.697666667,0.159866667,0.387,98.353,0.011366667,0.326306667,69
0.705,0.768333333,0.112833333,0.482,107.793,1.70E-05,0.140033333,70
0.675333333,0.539333333,0.083666667,0.422666667,129.0603333,0.0740221,0.427666667,70.66666667
0.596333333,0.657333333,0.273666667,0.37,133.7006667,0.001532247,0.120266667,73
0.558666667,0.623333333,0.309666667,0.299666667,105.383,0.00000063,0.152,74.33333333
0.473666667,0.504333333,0.127,0.203833333,105.088,0.31394,0.337866667,60
0.628666667,0.742,0.116166667,0.569,153.3736667,2.74E-06,0.327,83.66666667
0.841666667,0.529333333,0.161666667,0.521333333,127.3206667,0.275666667,0.046618333,55.33333333
0.599666667,0.766,0.186666667,0.478666667,142.0363333,5.09E-05,0.06336,76
0.527333333,0.766333333,0.1062,0.475,132.3023333,6.63E-06,0.256715333,85
0.545,0.734333333,0.1766,0.365,111.3616667,0.037035,0.219596667,57
0.672666667,0.528333333,0.099133333,0.338666667,112.6673333,1.77E-06,0.076433333,62.33333333
0.698333333,0.601333333,0.244,0.341666667,107.6303333,4.79E-05,0.0774,71
0.752666667,0.661333333,0.329,0.4028,125.648,0.000446667,0.0479,65.66666667
0.732,0.799333333,0.100833333,0.755666667,128.6616667,0.000428,0.304433333,57.33333333
0.511333333,0.632,0.135,0.385666667,108.2976667,0.000175333,0.374133333,77.66666667
0.604666667,0.577666667,0.330666667,0.390666667,110.1506667,0.013868133,0.160466667,56
0.766666667,0.663333333,0.266,0.418333333,107.6446667,0.00082,0.02149,81.33333333
0.727333333,0.679666667,0.116666667,0.487666667,133.019,0.000335753,0.1008,72.66666667
0.890666667,0.541,0.399,0.305333333,141.6506667,0.035428,0.000396,52.66666667
0.837,0.547,0.154533333,0.323333333,114.4533333,0.612683267,0.368066667,53
0.482,0.663,0.114833333,0.464,138.72,0.00000183,0.491666667,88.66666667
0.455666667,0.477666667,0.116333333,0.272,141.6733333,0,0.436,69.33333333
0.773333333,0.334666667,0.122033333,0.266333333,166.634,0.010992667,0.003586,33
0.941,0.504,0.349,0.343,146.6846667,0.065443333,0.000205067,37
0.802,0.658666667,0.272266667,0.786333333,131.899,0,0.019926667,68.33333333
0.444,0.788,0.167433333,0.569,127.9883333,0.0022173,0.215066667,65.66666667
0.714666667,0.689,0.207333333,0.608666667,148.47,0.00000183,0.273766667,80.66666667
0.745333333,0.714,0.137666667,0.460333333,108.3186667,0.000907937,0.044546667,78
0.649,0.741333333,0.197666667,0.352,105.456,0,0.0954,82.66666667
0.693333333,0.711,0.133666667,0.409666667,132.0223333,1.48E-05,0.095,92.66666667
0.915,0.355666667,0.232433333,0.217333333,112.6066667,0.492500333,0.000733833,38
0.719,0.595,0.158666667,0.536666667,119.554,0,0.269333333,84.66666667
0.605,0.632666667,0.150666667,0.527,159.6976667,0.00044183,0.075166667,81.33333333
0.599666667,0.692,0.192,0.338666667,120.0316667,0.0008435,0.027506667,84.33333333
0.549423333,0.475666667,0.345566667,0.498666667,125.8036667,0.296299033,0.474553333,45.33333333
0.512333333,0.584666667,0.183766667,0.622,98.703,0.000135,0.485,67.33333333
0.571,0.627333333,0.212,0.446,112.312,0.000289467,0.114106667,60.33333333
0.715666667,0.649666667,0.145133333,0.486666667,116.3973333,0.000753877,0.073693333,65.33333333
0.459333333,0.542333333,0.083366667,0.331233333,105.7556667,0.088333333,0.642333333,56.66666667
0.535666667,0.551,0.392833333,0.354666667,138.714,0,0.679,61.33333333
0.623333333,0.687666667,0.116333333,0.587,135.685,0,0.116966667,84.33333333
0.667333333,0.729,0.1122,0.621666667,103.1906667,0,0.512666667,58.33333333
0.742666667,0.731333333,0.111433333,0.496333333,135.9893333,0.558993333,0.010996667,20.66666667
0.533,0.658666667,0.105533333,0.415666667,108.6656667,2.53E-05,0.321233333,68.33333333
0.726666667,0.633,0.089433333,0.539,105.7023333,0.0002849,0.066666667,63.66666667
0.642666667,0.729,0.17,0.390666667,138.0076667,0.00000183,0.100466667,82
0.857333333,0.456666667,0.377,0.543,160.699,0.03768408,0.027043333,36.66666667
0.407333333,0.51,0.111833333,0.230333333,106.9493333,0.000500423,0.520066667,31
0.491,0.454,0.124766667,0.322333333,132.251,0.026210967,0.275393333,63.33333333
0.701,0.736,0.200333333,0.403666667,138.247,0,0.1194,77.33333333
0.573,0.322,0.268333333,0.1769,98.19433333,0.047170433,0.1797,30
0.686333333,0.648,0.2364,0.578333333,114.1576667,0.1098,0.1919,46
0.702333333,0.741,0.219333333,0.516333333,102.9976667,0.000976667,0.142356667,55.33333333
0.474,0.569666667,0.137,0.317,142.1313333,0.00021703,0.521933333,74.33333333
0.778333333,0.468666667,0.204133333,0.45,115.9613333,0.00035316,0.1686836,58.33333333
0.548333333,0.615333333,0.108733333,0.286666667,116.6596667,0.000910833,0.051,81.33333333
0.761333333,0.645,0.218366667,0.403666667,138.595,0.309072333,0.181833333,51
0.516666667,0.695333333,0.066966667,0.532333333,154.7413333,0.001845507,0.212266667,75.33333333
0.513333333,0.642333333,0.463,0.3,100.1483333,0.000160417,0.17193,74.33333333
0.578666667,0.775666667,0.366,0.300666667,118.183,0.003796417,0.05277,76.66666667
0.564666667,0.821,0.148,0.485333333,119.021,5.63E-05,0.298383333,72.66666667
0.375666667,0.423666667,0.1637,0.159666667,128.8043333,5.33E-06,0.768333333,59.33333333
0.513666667,0.759,0.116333333,0.535333333,136.996,0.00010983,0.224,78.66666667
0.608333333,0.699,0.108,0.45,127.6753333,3.08E-06,0.304333333,89.66666667
0.636333333,0.825,0.105866667,0.658,119.9876667,1.98E-06,0.189866667,88
0.812,0.571,0.22,0.615666667,108.43,0.0021806,0.01828,52
0.526666667,0.533,0.173333333,0.229333333,129.4763333,0.00023403,0.0755,69
0.578,0.637333333,0.080766667,0.535,117.653,0.00047798,0.162066667,82.66666667
0.913333333,0.397,0.336866667,0.401666667,154.2953333,0.279735333,0.0002292,52.33333333
0.61,0.629,0.21,0.396333333,122.361,0.001872503,0.260633333,61.66666667
0.715666667,0.627666667,0.2688,0.54,116.818,5.97E-07,0.221566667,67.66666667
0.816666667,0.581333333,0.179,0.473333333,133.939,0.0000034,0.06292,74
0.610666667,0.815333333,0.147666667,0.586333333,138.677,0.0000958,0.148233333,68
0.607,0.754333333,0.1409,0.591666667,87.33033333,0.000121,0.373666667,82
0.795666667,0.567333333,0.141333333,0.377666667,134.548,0.043026667,0.267333333,87
0.557,0.839333333,0.101966667,0.571666667,121.3053333,0.001053333,0.1605,77
0.597666667,0.745666667,0.1006,0.490666667,123.004,0.015293333,0.498466667,46.33333333
0.706333333,0.558333333,0.215666667,0.420333333,122.107,0.377333333,0.180668637,43.33333333
0.643,0.611333333,0.1825,0.339,113.278,0.00082,0.124506667,73.66666667
0.666333333,0.671333333,0.326333333,0.521666667,116.3563333,0,0.350933333,85
0.692,0.740666667,0.215,0.365,135.0013333,0.00002533,0.1022,77
0.763333333,0.718666667,0.292,0.713666667,115.3226667,1.36E-05,0.191163333,83.33333333
0.658666667,0.721333333,0.172933333,0.634333333,132.936,8.07E-07,0.253333333,60.66666667
0.526666667,0.731333333,0.096333333,0.562666667,129.046,3.97E-06,0.165933333,78.66666667
0.827666667,0.728,0.230333333,0.714666667,120.8506667,0.000203667,0.034703333,80
0.612333333,0.659666667,0.120333333,0.484666667,126.033,1.53E-05,0.08726,92.33333333
0.855666667,0.493333333,0.279666667,0.564666667,126.2306667,0.246666667,0.017887,67.33333333
0.547,0.581,0.228666667,0.208,128.3523333,0.001333333,0.045773333,73
0.703666667,0.528333333,0.391966667,0.728,140.8136667,0.001714843,0.612666667,64.66666667
0.544,0.41,0.122,0.249,156.376,0.00214,0.522333333,62.33333333
0.853333333,0.557333333,0.177,0.784333333,151.9773333,0.00000077,0.070436667,45.33333333
0.822,0.488333333,0.222666667,0.334666667,159.81,0.000676667,0.01551,66.66666667
0.492,0.554666667,0.097066667,0.180933333,134.6723333,0.005799967,0.530333333,60.33333333
0.569,0.756666667,0.220666667,0.421333333,129.0373333,0.00000723,0.2493,65
0.554,0.624666667,0.114666667,0.223666667,128.2273333,0,0.1277,75.33333333
0.601666667,0.707,0.115533333,0.411,125.365,0.000908497,0.207333333,90.66666667
0.638333333,0.6,0.193,0.315666667,125.3836667,6.25E-05,0.200166667,74.66666667
0.371666667,0.434,0.094133333,0.402333333,90.44166667,0.002075933,0.452,53.66666667
0.738666667,0.754,0.328833333,0.653333333,128.682,0.00285,0.256253333,55
0.763666667,0.625,0.240666667,0.542333333,125.5563333,0.0017,0.1164,70
0.863,0.622333333,0.2513,0.485333333,124.76,0.00000054,0.11242,67.66666667
0.755,0.773333333,0.291533333,0.495666667,108.9883333,0.000467357,0.208166667,65.33333333
0.599666667,0.550333333,0.188333333,0.404333333,111.2943333,0,0.227,77
0.614933333,0.483333333,0.342333333,0.408666667,110.1876667,8.49E-05,0.297973333,46.66666667
0.846333333,0.520333333,0.1157,0.509333333,136.653,0.001646667,0.086396667,34
0.665666667,0.729333333,0.196733333,0.481,129.2856667,0.0000092,0.41,67
0.687,0.655666667,0.125866667,0.519666667,125.6376667,0.00000721,0.190666667,73.33333333
0.644666667,0.636,0.1239,0.412333333,105.2226667,0,0.373333333,78.33333333
0.876333333,0.610333333,0.126933333,0.531,132.267,0.043026667,0.1222,88
0.664,0.633666667,0.097433333,0.382,112.6423333,0.021746667,0.067533333,56
0.23,0.244666667,0.080733333,0.0571,105.8146667,0.894333333,0.933333333,58.66666667
0.559666667,0.620666667,0.143933333,0.412,121.9683333,0.00094419,0.29125,64
0.69,0.619666667,0.180666667,0.4,129.6866667,0.00000183,0.104266667,79
0.69,0.606,0.222,0.406966667,114.6973333,0.000343333,0.296633333,71
0.4483,0.560666667,0.180333333,0.174333333,100.3023333,0.000118333,0.356943333,57.66666667
0.670333333,0.532,0.163733333,0.431,94.86666667,0.007347367,0.131986667,51.66666667
0.506666667,0.599666667,0.0972,0.297666667,101.3553333,0.000833677,0.471666667,75.66666667
0.701666667,0.602,0.2723,0.751,117.334,3.67E-05,0.048933333,69.66666667
0.588333333,0.834333333,0.1031,0.553,110.6493333,0.273333333,0.330333333,68.33333333
0.345,0.435666667,0.107866667,0.202833333,127.403,0.00000081,0.693333333,50
0.558,0.537333333,0.264,0.48,109.141,0,0.4173,59.33333333
0.811,0.532,0.126333333,0.330766667,110.0233333,0.02627087,0.028773333,60.66666667
0.739,0.632666667,0.322233333,0.663333333,94.07933333,7.35E-05,0.321966667,61.66666667
0.415,0.372,0.307333333,0.307666667,142.6543333,0.00280111,0.574666667,46.66666667
0.753666667,0.675666667,0.135666667,0.385333333,107.1386667,0.00000644,0.174,60.66666667
0.78,0.551333333,0.2101,0.365666667,107.707,0.179895333,0.031173333,60
0.829,0.443333333,0.212233333,0.382,149.208,0.228692207,0.080393333,50
0.690333333,0.497666667,0.1861,0.546333333,131.628,0.064826667,0.315546667,42.33333333
0.765666667,0.526333333,0.172666667,0.426333333,133.7106667,6.06E-05,0.05653,57.66666667
0.896333333,0.413,0.2122,0.548333333,114.0403333,0.255001037,0.004982,62.33333333
0.411333333,0.586666667,0.116733333,0.255666667,102.6656667,0.001643333,0.622666667,65.66666667
0.716333333,0.498333333,0.273666667,0.450333333,102.6326667,0.308709,0.071085,45.66666667
0.616,0.460333333,0.0825,0.465333333,141.5086667,0.002780067,0.3165,44.66666667
0.732666667,0.685,0.131066667,0.610666667,124.0053333,0.000857463,0.1201,56.66666667
0.645666667,0.565,0.089633333,0.611666667,112.3116667,0.357533333,0.318333333,49.66666667
0.91,0.524,0.063066667,0.641,131.863,0.00000558,0.024571333,55.66666667
0.811333333,0.611666667,0.090066667,0.642,110.25,0.000763333,0.019166667,62
0.882333333,0.462666667,0.241,0.491333333,131.2596667,0.123000407,0.086633333,59.66666667
0.407033333,0.504666667,0.125933333,0.517666667,107.001,0.0044532,0.375066667,65.66666667
0.976333333,0.316333333,0.158033333,0.232,154.9066667,0.291776667,6.36E-05,38
0.787333333,0.541333333,0.189333333,0.532333333,117.703,0,0.189061333,64.66666667
0.846333333,0.395666667,0.224166667,0.395666667,133.6253333,0,0.1698,28.33333333
0.607,0.725333333,0.079266667,0.629,115.505,0.034438397,0.167666667,53.66666667
0.602,0.616333333,0.218,0.506333333,114.599,0.001251033,0.146666667,64.66666667
0.773,0.773333333,0.149633333,0.616666667,118.852,0.003773833,0.0889,46.33333333
0.843,0.577333333,0.2336,0.529666667,129.928,0.000546667,0.040591,55.33333333
0.656333333,0.735333333,0.173566667,0.468666667,99.664,0.001398333,0.136953333,64.33333333
0.917666667,0.522666667,0.238666667,0.650666667,137.441,0.0037,0.131479667,42.33333333
0.149466667,0.304333333,0.113566667,0.105666667,115.1266667,0.790333333,0.954333333,0
0.438333333,0.491333333,0.328,0.629,108.2173333,0,0.642,58.33333333
0.703333333,0.633,0.344333333,0.739,100.6963333,0.000100167,0.120083333,67
0.526333333,0.459333333,0.1247,0.201933333,98.00033333,0.022333333,0.259433333,31
0.783666667,0.650333333,0.194333333,0.605,131.638,0.0092434,0.094526667,62.66666667
0.676333333,0.704666667,0.1289,0.282333333,126.297,0.2566707,0.101036667,59.66666667
0.019326667,0.331333333,0.105333333,0.073966667,98.95533333,0.909666667,0.992,34.33333333
0.667666667,0.385666667,0.087966667,0.225666667,145.7033333,0.318243333,0.2645,42.66666667
0.4375,0.306333333,0.143333333,0.187266667,82.336,0.423667367,0.4531,55.33333333
0.603333333,0.537666667,0.333333333,0.721,121.7776667,0.315673333,0.3636,52.33333333
0.739333333,0.684333333,0.279766667,0.748666667,107.3996667,0.00001509,0.2176,50.33333333
0.563666667,0.574,0.157433333,0.610333333,152.9473333,0.05456111,0.3692,53.66666667
0.628333333,0.506666667,0.248933333,0.477333333,128.1303333,0.125801367,0.0681284,45.33333333
0.624,0.672666667,0.144666667,0.352,137.96,0.000908497,0.163,87.66666667
0.649333333,0.618666667,0.098433333,0.492,133.3096667,0.007834333,0.2692,43.33333333
0.739666667,0.598666667,0.199766667,0.582333333,153.4776667,0.0889243,0.272233333,46.66666667
0.741,0.589333333,0.178666667,0.690666667,115.9023333,0.12126,0.394751667,31.33333333
0.746,0.499666667,0.188,0.337333333,131.9636667,0,0.091012467,49.66666667
0.796333333,0.542666667,0.239333333,0.446,129.4233333,0.032306667,0.193119333,36.33333333
0.701333333,0.366,0.332233333,0.372333333,143.8103333,0.00075709,0.297466567,32.66666667
0.715,0.638,0.0924,0.671333333,109.6363333,0.000476667,0.0239,78
0.891333333,0.701,0.456,0.591666667,144.0273333,6.67E-07,0.058033333,42.33333333
0.601,0.566333333,0.175466667,0.674333333,110.8143333,0.004176667,0.22276,48.33333333
0.907666667,0.576333333,0.105666667,0.574333333,146.419,0,0.019067367,45.33333333
0.696333333,0.43,0.164666667,0.329666667,120.68,0.189766667,0.1099,54.66666667
0.555,0.445666667,0.125333333,0.461333333,125.4386667,0.009928333,0.437866667,49.33333333
0.513,0.744666667,0.126166667,0.610666667,144.3296667,0.000816497,0.483,74.66666667
0.588,0.460333333,0.185766667,0.237666667,122.2273333,0.11343607,0.263629033,41.66666667
0.76,0.660666667,0.152,0.557,136.341,0.000275,0.209033333,65
0.498333333,0.404,0.1005,0.426666667,128.0716667,3.18E-05,0.531333333,55.66666667
0.697666667,0.553666667,0.1772,0.324,133.301,0.000232,0.161407,65.33333333
0.680333333,0.577,0.224,0.647333333,126.2336667,6.64E-05,0.225806667,48.66666667
0.6,0.487666667,0.321666667,0.458033333,116.7053333,0.011893333,0.439633333,33.33333333
0.57,0.458666667,0.297,0.228333333,119.3533333,0.00068426,0.14023,50
0.538,0.660333333,0.308066667,0.557,115.6283333,0.00000169,0.162666667,68
0.552666667,0.615333333,0.162666667,0.358,149.2636667,0.006806433,0.2911,48.33333333
0.747333333,0.496666667,0.138666667,0.324666667,135.3413333,0.000106,0.030241667,26.66666667
0.514333333,0.707,0.186666667,0.659333333,109.4906667,0.06717,0.267155333,54.66666667
0.829666667,0.567333333,0.2702,0.583333333,118.6293333,1.48E-05,0.027323333,60
0.756666667,0.595666667,0.2036,0.420333333,114.639,0.103066667,0.13114,58.33333333
0.886,0.567666667,0.275666667,0.471666667,145.687,0.000292,0.019335333,54.33333333
0.572666667,0.522,0.075633333,0.784,126.1693333,0.404666667,0.492666667,27.33333333
0.500666667,0.696,0.1453,0.562666667,109.3273333,0.492333997,0.317333333,45.66666667
0.648,0.513666667,0.121,0.497,153.5766667,0.009152333,0.289735667,48.66666667
0.527333333,0.312,0.241133333,0.110333333,88.274,0.307334373,0.481,19.33333333
0.790666667,0.321,0.150033333,0.272333333,137.7936667,9.07E-05,0.0848637,54.66666667
0.731666667,0.530333333,0.103233333,0.443,148.514,0.147333333,0.06314,64.33333333
0.678,0.675666667,0.276,0.755666667,116.338,3.60E-06,0.2574,48
0.928666667,0.415666667,0.102166667,0.381,124.3013333,0.000188,0.000319,49.33333333
0.496333333,0.511333333,0.2072,0.584333333,107.22,0.000648,0.122666667,42.33333333
0.715666667,0.565666667,0.212066667,0.613666667,111.5563333,0.164961,0.28541,60.66666667
